a,20,
setting,18,
function,14,
serialize,13,
var,13,
deserialize,11,
i,11,
json,10,
document,8,
name,8,
new,8,
c,7,
dictionary,7,
min,7,
r,7,
an,6,
ga,6,
notices,6,
property,6,
serialization,6,
custom,5,
dailyhighscores,5,
date,5,
dma,5,
file,5,
footernotice,5,
if,5,
jsonpropertyattribute,5,
length,5,
namingstrategy,5,
width,5,
ca,4,
collection,4,
contractresolver,4,
d,4,
m,4,
math,4,
object,4,
public,4,
send,4,
string,4,
titletable,4,
window,4,
with,4,
ads,3,
anchor,3,
case,3,
com,3,
configure,3,
dmbootstrap,3,
event,3,
expires,3,
game,3,
get,3,
getelementsbytagname,3,
gt,3,
js,3,
jsonobjectattribute,3,
lt,3,
net,3,
o,3,
replacenotice,3,
return,3,
s,3,
set,3,
userpoints,3,
value,3,
addheaderad,2,
addlanguagetabset,2,
adhtml,2,
analytics,2,
async,2,
attributes,2,
blockreplacement,2,
body,2,
camel,2,
camelcasenamingstrategy,2,
cdn,2,
cellhtml,2,
class,2,
click,2,
cookie,2,
copy,2,
createelement,2,
dataset,2,
dateformatstring,2,
datetime,2,
defaultcontractresolver,2,
developermedia,2,
dmads,2,
dmfollowup,2,
documentation,2,
donkey,2,
else,2,
expirydays,2,
extensiondata,2,
formatting,2,
g,2,
getcookie,2,
getrandomint,2,
https,2,
id,2,
immutable,2,
innerwidth,2,
int,2,
jamesnk,2,
jessican,2,
joc,2,
jsonconverter,2,
jsonconverterattribute,2,
kong,2,
max,2,
names,2,
newtonsoft,2,
on,2,
q,2,
sample,2,
script,2,
setcookie,2,
settimeout,2,
src,2,
substring,2,
t,2,
to,2,
true,2,
type,2,
typeof,2,
undefined,2,
and,1,
anonymous,1,
api,1,
append,1,
appendchild,1,
appendto,1,
arguments,1,
auto,1,
blocked,1,
callback,1,
charat,1,
conditional,1,
configures,1,
console,1,
constructorhandling,1,
create,1,
css,1,
customcreationconverter,1,
datacontract,1,
datamember,1,
dateformathandling,1,
datetimekind,1,
datetimezonehandling,1,
defaultsettings,1,
defaultvalueattribute,1,
defaultvaluehandling,1,
dependency,1,
eaaaaaaa,1,
eabaaaaa,1,
empty,1,
errorhandling,1,
errorhandlingattribute,1,
false,1,
find,1,
floor,1,
for,1,
force,1,
from,1,
getjson,1,
gettime,1,
google,1,
googleanalyticsobject,1,
head,1,
home,1,
href,1,
http,1,
icontractresolver,1,
in,1,
indented,1,
indexof,1,
injection,1,
insertbefore,1,
items,1,
itracewriter,1,
javascript,1,
jsonconstructorattribute,1,
jsonconvert,1,
jsonconverters,1,
jsonignoreattribute,1,
jsonserializersettings,1,
keys,1,
l,1,
location,1,
maxdepth,1,
metadatapropertyhandling,1,
missingmemberhandling,1,
not,1,
nullvaluehandling,1,
objectcreationhandling,1,
offsetwidth,1,
opt,1,
order,1,
outerhtml,1,
pageview,1,
parentnode,1,
populate,1,
preservereferenceshandling,1,
processdictionarykeys,1,
prop,1,
protocol,1,
push,1,
random,1,
raw,1,
referenceloophandling,1,
remove,1,
required,1,
samples,1,
serializationbinder,1,
serializeobject,1,
serializing,1,
settime,1,
snake,1,
split,1,
success,1,
text,1,
this,1,
toutcstring,1,
tr,1,
tracewriter,1,
typenamehandling,1,
types,1,
ua,1,
unindented,1,
usage,1,
utc,1,
viewed,1,
while,1,
writeline,1,
www,1,
z,1,